,ID,N,P,PP,PN,PPN,PNPN
0,0.0,119840669.33100311,840669.3310030721,0.0,159330.6689969276,0.0,0.0
1,1.0,119837747.6576413,824945.2029903103,5381.336590728555,156346.68923048367,2039.7819310797313,1932.9353666186753
2,2.0,119818378.2717881,720674.7021411682,41069.414235601245,136562.8790815459,15564.740745146093,14747.054406098976
3,3.0,119763402.83154792,424475.8616782036,142477.39016262078,80398.33881234097,53972.18792184942,51113.32166013487
4,4.0,119716294.14843537,170365.4424305477,229510.71447989333,32255.569924154704,86907.28346820522,82271.4958748109
