,ID,N,P,PP,PN,PPN,PNPN
0,0.0,119840666.71088414,840653.416176102,5.588225444223831,159327.6492026362,2.118254220133987,1.7608298811069385
1,1.0,119838143.95999952,825329.565336231,5386.35235420982,156420.0522927041,2041.689895282475,1697.1489361655508
2,2.0,119730776.29776469,172309.09191568807,234777.42845130595,32627.5107751367,88912.34921372643,73841.92098907057
3,0.0,119840666.71088414,840653.416176102,5.588225444223831,159327.6492026362,2.118254220133987,1.7608298811069385
4,1.0,119838143.95999952,825329.565336231,5386.35235420982,156420.0522927041,2041.689895282475,1697.1489361655508
5,2.0,119730776.29776469,172309.09191568807,234777.42845130595,32627.5107751367,88912.34921372643,73841.92098907057
6,0.0,119840666.71088414,840653.416176102,5.588225444223831,159327.6492026362,2.118254220133987,1.7608298811069385
7,1.0,119838143.95999952,825329.565336231,5386.35235420982,156420.0522927041,2041.689895282475,1697.1489361655508
8,2.0,119730776.29776469,172309.09191568807,234777.42845130595,32627.5107751367,88912.34921372643,73841.92098907057
